{
"meta":{"test_sets":[],"test_metrics":[],"learn_metrics":[{"best_value":"Min","name":"Logloss"}],"launch_mode":"Train","parameters":"","iteration_count":40,"learn_sets":["learn"],"name":"experiment"},
"iterations":[
{"learn":[0.6707428181],"iteration":0,"passed_time":1.192947044,"remaining_time":46.5249347,
,
{"learn":[0.6554784195],"iteration":1,"passed_time":2.440990812,"remaining_time":46.3788254,
,
{"learn":[0.6318388549],"iteration":2,"passed_time":3.521286366,"remaining_time":43.4291985,
,
{"learn":[0.6080995311],"iteration":3,"passed_time":4.563653724,"remaining_time":41.072883,,
,
{"learn":[0.5892400029],"iteration":4,"passed_time":5.728014227,"remaining_time":40.096099,
,,
{"learn":[0.5762282306],"iteration":5,"passed_time":6.85470723,"remaining_time":38.8433409,
,
{"learn":[0.5622630037],"iteration":6,"passed_time":8.225304816,"remaining_time":38.7764369,
,
{"learn":[0.5511145016],"iteration":7,"passed_time":9.568977138,"remaining_time":38.2759085,
,
{"learn":[0.5393537036],"iteration":8,"passed_time":11.10654713,"remaining_time":38.255884,
,,
{"learn":[0.5230530882],"iteration":9,"passed_time":12.17393069,"remaining_time":36.52,
{"le,,
{"learn":[0.5134675216],"iteration":10,"passed_time":13.3042866,"remaining_time":35.074,
{",
,
{"learn":[0.499253872],"iteration":11,"passed_time":14.41639546,"remaining_time":33.63,
{"l,
,
{"learn":[0.4847745099],"iteration":12,"passed_time":15.55506592,"remaining_time":32.30,
{"l,
,
{"learn":[0.4766162359],"iteration":13,"passed_time":16.6872895,"remaining_time":30.99,
{"l,,
{"learn":[0.4706092239],"iteration":14,"passed_time":17.76163753,"remaining_time":29.602,
{",
,
{"learn":[0.458852929],"iteration":15,"passed_time":18.91234757,"remaining_time":28.3685,
{",,
{"learn":[0.4511311649],"iteration":16,"passed_time":19.97919496,"remaining_time":27.0306,
{",,
{"learn":[0.4425424645],"iteration":17,"passed_time":21.11278793,"remaining_time":25.8045,
{",,
{"learn":[0.4339455315],"iteration":18,"passed_time":22.14616123,"remaining_time":24.4773,
,
{,
{"learn":[0.4233762057],"iteration":19,"passed_time":23.30589912,"remaining_time":23.3058,
,
{,
{"learn":[0.4164567601],"iteration":20,"passed_time":24.40107241,"remaining_time":22.0771,
,
{,
{"learn":[0.4032146119],"iteration":21,"passed_time":25.59831642,"remaining_time":20.9440,
,
{,
{"learn":[0.3963842855],"iteration":22,"passed_time":26.64399464,"remaining_time":19.6933,
{"l,
{"learn":[0.3852887349],"iteration":23,"passed_time":27.68224376,"remaining_time":18.4548,
{"l,
{"learn":[0.3767289554],"iteration":24,"passed_time":28.71559864,"remaining_time":17.229,
{"le,
{"learn":[0.3712328505],"iteration":25,"passed_time":29.8592798,"remaining_time":16.0780,
{"l,
{"learn":[0.3657886137],"iteration":26,"passed_time":31.04304426,"remaining_time":14.9466,
{"l,
{"learn":[0.3602078629],"iteration":27,"passed_time":32.01329827,"remaining_time":13.7199,
{"l,
{"learn":[0.3510331487],"iteration":28,"passed_time":33.19538347,"remaining_time":12.5913,
{"l,
{"learn":[0.3449365735],"iteration":29,"passed_time":34.30496111,"remaining_time":11.4349,
{"l,
{"learn":[0.3345414565],"iteration":30,"passed_time":35.40366389,"remaining_time":10.278,
{"le,
{"learn":[0.3229469929],"iteration":31,"passed_time":36.41502604,"remaining_time":9.103756509,
{"learn":[0.3198226755],"iteration":32,"passed_time":36.47557773,"remaining_time":7.737243761}
]}