iter	Logloss
0	0.6707428181
1	0.6554784195
2	0.6318388543	3	0.6080995314	4	0.589240002555	0.576228230666	0.562263003777	0.551114501888	0.539353703999	0.5230530881110	0.5134675211111	0.499253812	12	0.4847745013	13	0.4766162314	14	0.4706092215	15	0.458852921616	0.4511311641717	0.4425424641818	0.4339455311119	0.4233762052220	0.4164567602221	0.4032146112222	0.3963842852323	0.3852887342424	0.3767289525	25	0.3712328526	26	0.3657886127	27	0.3602078628	28	0.3510331429	29	0.3449365730	30	0.334541431	031	0.3229469929

32	0.3198226755
